name,city,state,rating,designer,builder,opened,address,hours,size,notes,helmet
,alameda,california,,community effort,community effort,,1st st & ave a alameda ca 94501,,15000,,
,american canyon,california,,prefab,prefab,36355,298 benton way american canyon ca 94503,when school is out - 8am - sunset/ when school is in session - mondays tuesdays thursdays fridays 3:15pm - sunset wednesdays 1:30pm - sunset,13000,,
anaheim west,anaheim,california,,purkiss rose,,2002,2271 w crescent ave anaheim ca 92801,,10000,,
downtown skate zone,anaheim,california,,prefab,prefab,40725,e broadway & s olive st anaheim ca 92805,,2000,,
south volante skatepark,anderson,california,,,,,1887 howard st anderson ca 96007,,13000,,
,antioch,california,,,,,4701 lone tree way antioch ca 94531,,15000,,
3 diamonds skatepark,apple valley,california,,,,,13467 navajo rd apple valley ca 92308,,,,
bonita skatepark,arcadia,california,2,purkiss rose,,2003,207 bonita st arcadia ca 91006,dawn - 10pm,10700,,
,arcata,california,3,,,,sunset ave & jay st arcata ca 95521,,,,
a-town park,atascadero,california,,,indoor park,,5493 traffic way atascadero ca 93422,,,,
osborn skatepark,atwater,california,,prefab,prefab,,501 e bellevue rd atwater ca 95301,,,,
,auburn,california,3,,,,855 pacific ave auburn ca 95603,sunrise-sunset,,,
,azusa,california,,purkiss rose,,2002,320 n orange pl azusa ca 91702,,,,
beach park,bakersfield,california,,,,,21st st & oak st bakersfield ca 93301,5am-10pm,,,
,baldwin park,california,,purkiss rose,california skateparks,2003,15010 badillo street baldwin park ca 91706,,12000,,
,banning,california,,,,,n san gorgonio ave & e george st banning ca 92220,,,,
dana park skatepark,barstow,california,,mig/csp,california skateparks,,840 barstow rd. barstow ca 92311,,12000,,
,bell,california,,prefab,prefab,,4357 gage ave bell ca 90201,,,,
,bell gardens,california,,purkiss rose,california skateparks,,4357 gage avenue bell ca 90201,,,,
caruthers park,bellflower,california,,purkiss rose,california skateparks,35398,10500 e. flora vista street bellflower ca 90706,,,,
x-park,benicia,california,4,wormhoudt,,2007,dempsey dr benicia ca 94510,,20000,,
orkin/hsang memorial skatepark,berkeley,california,,site design,,,5th st & harrison st berkeley ca 94710,8am - 9pm,18000,,
,big bear lake,california,,,prefab,,40946 big bear blvd big bear lake ca 92315,,,,
sugarloaf skatepark,big bear lake,california,,,prefab,,44828 baldwin ln big bear city ca 92314,,,,
,biggs,california,pos,,,,c st & 9th st biggs ca 95917,,,,
,bishop,california,2,,,,n main st & park st. bishop ca 93514,,,,
mesa skate park,bolinas,california,pos,,,,55 mesa rd bolinas ca 94924,,,,
,borrego springs,california,,site design,california skateparks,,630 cahuilla road borrego springs ca.,,,,
blake davis skatepark,brawley,california,3,purkiss rose,,2003,magnolia st & n 3rd st brawley ca 92227,8am - 10pm,18000,,
,brea,california,,purkiss rose,,2000,imperial hwy & berry st brea ca 92821,7am - dusk,10000,,
,brentwood,california,3,,,,198 griffith ln brentwood ca 94513,9am - sunset,18000,,
,buena park,california,,prefab,prefab,2003,7725 el dorado dr buena park ca 90620,8am - sunset,10000,,
,burbank,california,,,,,1625 n valley st burbank ca 91505,"monday - thursday 4pm - 7:00 p.m.
  friday 4:00 p.m. - 9:00 p.m.
  saturday - sunday 10:00 a.m. - 5:00 p.m",11500,,
calexico nosotros saktepark,calexico,california,,,,,kloke rd & calexico st calexico ca 92231,,,,
pleasant valley skatepark,camarillo,california,,wormhoudt,,1998,1030 temple ave camarillo ca 93010,sunrise-sunset,12000+,,
,cameron park,california,,,,35540,2380 merrychase dr cameron park ca 95682,sunrise-sunset,,,
,carlsbad,california,,,,2001,2560 orion way carlsbad ca 92010,8am - 10pm,15000+,,
la sierra skatepark,carmichael,california,,prefab,prefab,2008,5325 engle road carmichael ca 95608,12pm - 6am,,,
,carson,california,,purkiss rose,,2003,22400 moneta ave carson ca 90745,lights til 10pm,10000,,
,castroville,california,,prefab,prefab,,11261 crane st castroville ca 95012,,,,
,ceres,california,,,,,moffett rd & fowler rd ceres ca 95307,,16000,,
,cerritos,california,,purkiss rose,hondo company inc.,2000,19900 bloomfield ave cerritos ca 90703,8am - sunset mondays: 11am - sunset,10000,,
,chico,california,,,,,humboldt ave & flume st chico ca 95928,8am - sunset,10000,,
ayala park,chino,california,,site design,california skateparks,2003,central ave. & edison ave. chino ca 91708,8am - 10pm,27624,,
,chino hills,california,,purkiss rose/california skateparks,,2003,16333 fairfield ranch rd chino hills ca 91709,7am - dusk,6000,,
len moore skatepark,chula vista,california,,purkiss rose,kf stratton,2003,1301 oleander ave chula vista ca 91911,,25000,,
rusch skatepark,citrus heights,california,,california skateparks,california skateparks,,7801 auburn blvd. citrus heights ca. 95610,,9000,,
krause family skatepark,clairemont (san diego),california,,wally holliday/california skateparks/andy mcdonald,california skateparks,2001,3401 clairemont dr san diego ca 92117,,53000+,,
,claremont,california,,purkiss rose,,1998,1717 n indian hill blvd claremont ca 91711,6am - 10pm,6000,,
,clearlake,california,,prefab,prefab,,uhl ave & austin rd clearlake ca 95422,,,,
letterman skatepark,clovis,california,,site design,,,villa ave & w 9th st clovis ca 93612,8am-9pm,27000,,
dateland park,coachella,california,,prefab,prefab,38204,medina st & shady ln coachella ca 92236,,,,
wilson skatepark,compton,california,,california skateparks,california skateparks,,123 north rose ave. compton ca 90220,,10000,,
,concord,california,,,,,cowell rd & san miguel rd concord ca 94518,,,,
harada skatepark,corona,california,,community works,california skateparks,,13100 65th st. cleveland ave. corona ca,,10000,,
orchard skatepark,corona,california,,community works,california skateparks,,5900 festival way corona ca 92880,,13000,,
santa regional skatepark,corona,california,,purkiss rose,california skateparks,,598 santana way corona ca 92881,,11000,,
corona city park,corona,california,,purkiss rose,,1999,930 e 6th st corona ca 92879,7am - 10pm,10000,,
huber skatepark,corona,california,,community works design group (bill wildenberg and scott rice),,2005,rolling meadow st & northfork dr corona ca 92880,sunrise - 10pm,20000,,
,coronado,california,,site design,california skateparks,2001,2000 mullinex drive coronado ca 92118,,20000,,
volcom skatepark,costa mesa,california,,purkiss rose,,2005,970 arlington dr costa mesa ca 92626,9am -9pm closed tuesdays 9am-3pm,20000,,
volcom skatepark,costa mesa,california,,california skateparks,california skateparks,,970 arlington dr. costa mesa ca,,22000,,
,crescent city,california,1,prefab,prefab,,5th st & e st crescent city ca 95531,,,,
,cudahy,california,1,prefab,prefab,,5240 santa ana st cudahy ca 90201,,,,
,culver city,california,,site design,california skateparks,37920,9910 jefferson blvd. culver city ca 90232,monday through friday â€“ 12:00 p.m. to sunset saturday and sunday â€“ 9:30 a.m. to 4:30 p.m.,15000,,
,cypress,california,,purkiss rose,,2003,4554 avenida granada cypress ca 90630,8am - sunset,12000,,
,davis,california,1,,,1993,1405 f st davis ca 95616,,,,
,delano,california,,site design,,,cecil ave & madison st delano ca 93215,sunrise-sunset,23342,,
,delhi,california,,skatewave (prefab),skatewave (prefab),2006,shanks rd & schendel ave delhi ca 95315,,,,
,desert hot springs,california,,lawrence r. moss & associates,,2003,west dr & 1st st desert hot springs ca 92240,sunrise-sunset,10000,,
,diamond bar,california,,purkiss rose,,,24142 sylvan glen rd diamond bar ca 91765,7am - dusk,10000,,
,dixon,california,,,,,hall park dr & e chestnut st. dixon ca 95620,,,,
independence park,downey,california,,purkiss rose,,2002,12334 bellflower blvd downey ca 90242,,10000,,
,duarte,california,,lawrence r. moss & associates,california skateparks,,1401 central ave. duarte ca 91010,sunrise-sunset,10000,,
pamela park,duarte,california,1,skatewave (prefab),,,2236 goodall ave duarte ca 91010,,,,
emerald glen skatepark,dublin,california,2,,,,4201 central pkwy dublin ca 94568,sunrise-sunset,,,
kennedy skatepark,el cajon,california,,purkiss rose,,2002,1675 e madison ave el cajon ca 92019,mon-fri: 4:00-9:00 sat: 12:00-9:00 sun: 12:00-7:00,11000,,
renette skate plaza,el cajon,california,,,,,935 emerald ave el cajon ca 92020,,,,
,el dorado hills,california,1,prefab,prefab,,1021 harvard way el dorado hills ca 95762,,,,
,el segundo,california,2,,,36754,405 e grand ave el segundo ca 90245,monday - friday: 11:00 am - 9 pm saturday: 2:30 pm - 10:30 pm sunday: noon - 5 pm,,,
,elk grove,california,,,,,9014 bruceville rd elk grove ca 95758,8am - sunset,,,
derr-okamota park,elk grove,california,,site design,,,9550 mainline drive elk grove ca 95624,,13300,,
magdalena ecke family ymca,encinitas,california,,site design/team pain,,,200 saxony rd encinitas ca 92024,,37000,,
pedlow,encino,california,,purkiss rose,california skateparks,2001,17334 victory blvd. encino ca 91406,,20000,,
escondido sports center,escondido,california,,ramp armor,ramp armor,,3315 bear valley pkwy s escondido ca,,22000,,
,eureka,california,,wormhoudt,,2010,1720 10th st eureka ca 95501,,12000,,
allan witt rotary skatepark,fairfield,california,,,,40725,1900 woolner ave fairfield ca 94533,sunrise-sunset,,,
travis air force base,fairfield,california,1,prefab,prefab,,air base pkwy fairfield ca,,,,
,fallbrook,california,,,,,445 e ivy st fallbrook ca 92028,,,,
,fillmore,california,3,community works,california skateparks,,river st. & c. st. fillmore ca 93015,,12000,,
maldonado skatepark,firebaugh,california,,wormhoudt,clark bros construction inc.,2008,clyde fannon rd & thomas conboy ave firebaugh ca 93622,,14000,,
mathy bethune skatepark,florence,california,,skatewave (prefab),skatewave (prefab),,hooper ave & e 62nd st florence-graham ca 90001,,,,
cummings skatepark,folsom,california,,wormhoudt,,2003,1775 creekside dr folsom ca 95630-3457,,21000,,
juniper community center (fontana south),fontana,california,,california skateparks,california skateparks,2002,16581 filbert ave fontana ca 92336,,26000,,
jesse turner skatepark (fontana north),fontana,california,,site design,california skateparks,,5553 lytle creek rd. fontana ca 92336,mon - thurs 2pm-9pm f - 12pm-9pm sat & sun - 9am - 9pm,20000,,
,frazier park,california,1,prefab,prefab,,4001 frazier mountain park rd frazier park ca 93225,,,,
the ark,fresno,california,,,,,1707 w jensen ave fresno ca 93706,sunrise-sunset,,,
kaiser ramp park,fresno,california,,,,,425 e alluvial ave fresno ca 93720,sunrise-sunset,,,
cary ramp park,fresno,california,,prefab,prefab,,4750 n fresno st fresno ca 93726,sunrise-sunset,,,
melody ramp park,fresno,california,,,,,5935 e shields ave fresno ca 93727,sunrise-sunset,,,
romain ramp park,fresno,california,,,,,745 n 1st st fresno ca 93701,sunrise-sunset,,,
todd beamer skatepark,fresno,california,,wormhoudt,california skateparks,38773,9797 n. maple fresno ca 93720,,14000,,
mosqueda bike park,fresno,california,,,,2009,e butler ave & s maple ave fresno ca 93702,,30000,,
lion's den skatepark,fresno,california,,site design,,2002,n emerson ave & w indianapolis ave fresno ca 93705,8am-10pm,30000,,
,galt,california,,prefab,prefab,,620 chabolla ave galt ca 95632,,,,
,garden grove,california,,,,2010,9301 westminster ave garden grove ca 92844,9am - 11pm,,,
rowley park,gardena,california,,spohn ranch,spohn ranch,2012,13220 van ness ave gardena ca 90249,,8000,,
,glendora,california,,lawrence r. moss & associates,california skateparks,,160 wabash n. ave glendora ca,,10000,,
garvanza skatepark,highland park,california,,purkiss rose,california skateparks,,6240 e. meridian ave. los angeles ca 90042,,20000,,
north hollywood skate plaza,hollywood,california,,california skateparks/lance mountain,california skateparks,,magnolia boulevard and tujunga avenue north hollywood ca 91601,,15000,,
mariners church/harvard skatepark,irvine,california,,wormhoudt,california skateparks,2008,5001 newport coast drive irvine ca 92603,,6000,,
james huber skatepark,jurupa,california,,community works,california skateparks,,6411 rolling meadow st. jurupa ca. 92880,,16881,,
,la verne,california,,california skateparks,california skateparks,1998,3104 d street la verne ca 91750,,12550,,
,laguna niguel,california,,california skateparks,california skateparks,,27745 alicia pkwy. laguna niguel ca. 92677,,24000,,
etnies skatepark,lake forest,california,,site design,california skateparks,december 2003 (expansion august 2011),20028 lake forest drive lake forest ca 92630,mon - thurs 11am-9pm friday 11am-10pm sat 10am-10pm sun 10am-9pm,,,
vandenberg skatepark,lompoc,california,,california skateparks,california skateparks,,h st. & e. central ave. lompoc ca. 93436,,7000,,
el dorado skatepark,long beach,california,,purkiss rose,california skateparks,2000,2800 studebaker road long beach ca 90804,,12000,,
nickerson gardens,los angeles,california,,california skateparks,california skateparks,,11251 compton ave. los angeles ca 90059,,5100,,
stoner skate plaza,los angeles,california,,california skateparks,california skateparks,,1835 stoner ave. los angeles ca 90025,9am -9pm,20500,,
imperial court skate plaza,los angeles,california,,california skateparks,california skateparks,,2250 w. 114th st. los angeles ca 90059,,5300,,
lincoln park,los angeles,california,,lance mountain and california skatepark,california skateparks,,3501 valley blvd los angeles ca 90031,,9000,,
hollenbeck skate plaza,los angeles,california,,california skateparks,california skateparks,,415 saint louis street los angeles ca 90033,,13000,,
belvedere skatepark,los angeles,california,4,lawrence r. moss & associates,,2007,4914 east cesar e chavez avenue los angeles ca 90022,10am-9pm,19000,,
charmette bonpua skate plaza,los angeles,california,,california skateparks,california skateparks,,5001 rodeo rd los angeles ca,,,,
lafayette skate plaza,los angeles,california,,california skateparks,california skateparks,,625 south lafayette park place los angeles ca 90057,,10000,,
westchester skate plaza,los angeles,california,,california skateparks,california skateparks,,7000 w manchester ave los angeles ca 90045,lights,13000,,
,mariposa,california,,wally holliday,california skateparks,,4998-county park road mariposa ca 95338,,8000,,
mather sports center skatepark,mather,california,,,,,3755 schriever avenue. mather ca 95655,6:00 am - 10:00 pm,18600,,
burgess skate park,menlo park,california,,,,,700 alma street menlo park ca 94025,dawn to dusk,14000,,
applegate skatepark,merced,california,,,,,678 west 18th street merced ca 95340,,7500,,
mill valley skatepark,mill valley,california,,,skatewave,,180 camino alto mill valley ca 94941,,,,
beebe skatepark,mission viejo,california,,,,1999,24190 olympiad road mission viejo ca 92692,8:00 am - dusk,9000,,
modesto skatepark,modesto,california,,,,,forest glenn drive at sylvan ave. modesto ca 95355,,,,
monrovia skatepark,monrovia,california,,,california skateparks,,701-899 e olive ave monrovia ca,dawn until 9:00 pm,,,
,monrovia,california,,purkiss rose,california skateparks,,mountain ave. & east olive ave. monrovia ca 91016,,13000,,
,montclair,california,,purkiss rose,california skateparks,,5111 benito st. montclair ca 91763,8:00 am until 10:00 pm,11000,,
russian river skatepark,monte rio,california,,,spohn ranch skateparks,,9725 main street monte rio ca 95462,,,,
montebello skatepark,montebello,california,,,,,1300 whittier blvd. montebello ca 90640,m-f 12:00 to dusk s-s 10:00 to dusk,,,
el estero skatepark,monterey bay,california,,,,,el estero park complex 777 pearl street monterey ca 93940,,,,
poindexter skatepark,moorpark,california,,community works,california skateparks,2009,500 poindexter avenue moorepark ca 93021,,,,
lamorinda skatepark,moraga,california,,prefab,,,1799 st. mary's road moraga ca 94556,,,,
moreno valley skateboard park,moreno valley,california,,,,,w street and sixth street moreno valley ca 92551,,,,
,morgan hill,california,,site design,california skateparks,,100 edes ct. morgan hill ca 95037,,12000,,
morgan hill skate park,morgan hill,california,,,california skateparks,,171 e edmundson avenue morgan hill california 95037,,16000,,
rockies skatepark,morro bay,california,,,,,231 atascadero road morro bay ca 93442,,,,
mires's skatepark,mountain view,california,,,,,s rengstorff avenue and central expy,,,,
cal oaks skatepark,murietta,california,,,,2008 revamp,40606 california oaks road murrieta ca 92562,,,,
,murrieta,california,,purkiss rose,california skateparks,,california oaks rd. & lincoln ave. murrieta ca. 92562,,7500,,
napa rip zone skatepark,napa,california,,,,1995,pearl street and west street napa ca 94558,,8000,,
,needles,california,,california skateparks,california skateparks,36527,1109 civic center dr. needles ca 92363,,10000,,
needles skatepark,needles,california,,,,,1185 army rd. needles ca 92363,,,,
newbury park skatepark,newbury park,california,,,,2009,190 north reino road newbury park ca 91320,,9000,,
north hollywood skate plaza,north hollywood,california,,,california skateparks,2010,11430 chandler boulevard los angeles ca 91601,sunrise-sunset,150000,,
doyle skatepark,norwalk,california,,,plywood benders,,12200 sproul st norwalk ca 90650,,,,
novato skatepark,novato,california,,,wormhoudt,2002,1200 n hamilton pkwy novato ca 94949,10:00 - sunset,15000,,
boys and girls club skatepark,oakhurst,california,,,,,40094 indian springs road oakhurst ca 93644,,,,
youth uprising skate plaza,oakland,california,3,site design,california skateparks,,8711 macarthur blvd. oakland ca 94605,dawn to dusk,19000,,
robb field skatepark,ocean beach,california,,,,2000,2525 bacon street san diego ca 92107,10:00 - dusk,40000,,
john landes skatepark,oceanside,california,,,,2003,4125 lewis street oceanside ca 92056,daylight hours,,,
martin luther king jr. skatepark,oceanside,california,,,grindline,2008,4300 mesa dr oceanside ca 92057,daylight hours,6000,,
libby lake skatepark,oceanside,california,,,,2003,504 calle montecito oceanside ca 92057,daylight hours,,,
bishop skatepark,oceanside,california,,,grindline,2008,5306 north river road oceanside ca 92057,daylight hours,8000,,
alex road skatepark,oceanside,california,,,,2013,alex road and and foussat road oceanside ca 92058,,22700,,
,ojai,california,3,site design,california skateparks,2010,405 e. ojai ave ojai ca 93023,,11700,,
vans skatepark,orange,california,,,rcmc california skateparks,,20 city boulevard west orange ca 92861,,46000,,
orange cove skatepark,orange,california,,,site design,,s. anchor avenue and parlier avenue orange cove ca 93646,12:00pm - 8:00 pm,,,
bedrock skate and bike park,oroville,california,,,altman engineering,,1100 feather river blvd oroville ca 95965,,14500,,
oxnard,oxnard,california,3,wormhoudt,california skateparks,,3250 south rose ave oxnard ca,,15000,,
oxnard skatepark,oxnard,california,,,wormhoudt,2004,3250 south rose avenue oxnard ca 93033,m-th 2:00-8:00 f 2:00-10:00 sat 10:00-10:00 sun 10:00-8:00,,,
pacifica skatepark,pacifica,california,,,,2005,540 crespi drive pacifica ca 94044,m-sat 9:00-sunset sun 10:30- sunset,14000,,
p-rod skatepark,pacoima,california,,,california skateparks,2009,10731 laurel canyon blvd pacoima ca 91331,,,,
pala skatepark,pala,california,,,california skateparks,2008,12100 pala mission road pala ca 92059,m-f 2:00-dusk s-sun 2:00-6:30,,,
,pala,california,,california skateparks,california skateparks,,12196 pala mission rd pala ca. 92059,,18000,,
,palm desert,california,,purkiss rose,california skateparks,,fred waring dr & san pablo ave palm desert riverside california 92260,6:00 am - 10:00 pm,10000,,
sunrise plaza skatepark,palm springs,california,,,,2003,4401 south pavilion way palm springs ca 92262,12:00 - 10:00,30000,,
chris o'leary skatepark,palmdale,california,,,,,dominic massari park 37716 55th street palmdale ca 93552,m-f 3:00-8:00 s-s 10:00-8:00,,,
greer skatepark,palo alto,california,,,,,1098 amarillo avenue palo alto ca 94303,,,,
cardenas skate plaza,panorama city,california,,california skateparks,california skateparks,,14740 blythe st. panorama city ca 91402,,4500,,
village skatepark,paramount,california,,,,2001,7700 somerset ave. paramount ca 90723,,,,
pasadena skatepark,pasadena,california,,,,,45 east washington boulevard pasadena ca 91101,,,,
compound skatepark,perris,california,,,,,18700 lake perris dr. perris ca 92571,,,,
ramp rats skatepark,petaluma,california,,,,,1004 lakeville st petaluma ca 94952,,8000,,
petaluma skatepark,petaluma,california,,,,,east washington street and fairgrounds drive petaluma ca 94952,,,,
pico rivera skatepark,pico rivera,california,,,,,6016 rosemead blvd pico rivera ca 90660,10:00-dusk,10000,,
piedmont skatepark,piedmont,california,,,,,moraga ave and red rock rd piedmont ca 94618,,,,
,placerville,california,,site design,california skateparks,,216 armory rd placerville ca 95667,,18500,,
pleasanton skatepark,pleasanton,california,,,,,hopyard road and parkside drive pleasanton ca 94588,,,,
pleasanton skatepark #2,pleasanton,california,,,,,stoneridge dr and johnson dr pleasanton ca 94566,,18000,,
nike/la84 skate plaze,pocoima,california,,california skateparks/lance mountain,california skateparks,38523,10731 laurel canyon blvd. pocoima ca,,12000,,
palomares skatepark,pomona,california,,,,,499 e. arrow hwy. pomona ca 91767,,,,
martin luther king skatepark,pomona,california,,purkiss rose,california skateparks,,e. lexington and white ave pomona ca 91766,,11000,,
,porterville,california,,site design,california skateparks,,1501 west henderson ave porterville ca 93257,,15000,,
,poway,california,,wormhoudt,california skateparks,,13088 bowron rd. poway ca. 92064,,12000,,
poway skatepark,poway,california,,,california skateparks,2003,13090 civic center drive poway ca 92064,8:00-9:30,14400,,
mathers skate plaza,rancho cordova,california,,site design,california skateparks,,3755 schriever ave rancho cordova ca 95655,,10000,,
,riverside,california,,lawrence r. moss & associates,california skateparks,,4810 pedley road riverside ca 92509,,13000,,
granite skatepark,sacramento,california,,california skateparks,california skateparks,,e. cucamonga ave. sacramento ca 95814,lights,50000,,
,san dimas,california,,purkiss rose,california skateparks,,225 s. cataract ave. san dimas ca,,8500,,
lake cunningham skatepark,san jose,california,,wormhoudt,california skateparks,2008,2305 s. white rd. san jose ca 95148,,67000,,
,santa clarita,california,3,site design,california skateparks,,20850 centre pointe pkwy santa clarita ca 91350,,40000,,
,santa monica,california,,california skateparks,california skateparks,2005,olympic blvd. & 14th st. santa monica ca 90404,,20000,,
berry park,selma,california,,site design,california skateparks,,s. corner of whitson and 2nd street selma ca 93662,,,,
hans christian anderson park,solvang,california,,california skateparks,california skateparks,,633 chalk hill rd. solvang ca 93463,,14000,,
terramore skatepark,trabuco,california,,california skateparks,california skateparks,,26283 sienna pkwy trabuco orange ca 92692,,14000,,
,tulare,california,,wally holliday,california skateparks,38249,tulare & i st. tulare ca,,25000,,
,upland,california,,purkiss rose,california skateparks,,1323 e. san bernardino rd. upland ca. 91786,,13000,,
,venice,california,,wormhoudt,california skateparks,,1800 ocean front walk venice beach ca,,16000,,
liberty skatepark,westminster,california,,purkiss rose,california skateparks,,13900 monroe st. westminster ca 92683,,10000,,
,whittier,california,,purkiss rose,california skateparks,,7630 washington ave whittier ca 90602,,9000,,
,adams,oregon,,dreamland,dreamland,40579,morrison st & commercial st adams or 97810,,,,
,albany,oregon,,eric dawkins & great american skateparks,eric dawkins & great american skateparks,35003,1375 se 6th ave albany or 97321,,15000,,
ashland skatepark,ashland,oregon,3,eric dawkins & great american skateparks,eric dawkins & great american skateparks,34699,w hersey st & water st ashland or 97520,,15000,,
tapiola park,astoria,oregon,5,dreamland,dreamland,,900 w marine dr. astoria or 97103,sunrise-sunset,11000,,
,athena,oregon,,,,,e main st & s 1st st athena or 97813,,4000,,
sam-o skate park,baker city,oregon,2,city of baker city,,,500 baker st baker city or 97814,,6000,,
,bay city,oregon,,dreamland,dreamland,37914,4th st. and a st. bay city or 97107,,,,
tualatin hills park,beaverton,oregon,3,grindline,grindline,,50 nw 158th ave beaverton or 97006,,18000,,
truck stop skate park,bend,oregon,,indoor park,indoor park,,1307 northeast 1st street bend or 97701,,,,
ponderosa park,bend,oregon,,wormhoudt,wormhoudt,34181,225 se 15th st bend or 97702,,11500,,
,boardman,oregon,,huna designs (prefab),huna designs (prefab),,198 3rd st ne boardman or 97818,,,,
,brookings,oregon,4,dreamland,dreamland,40877,hassett st. & 3rd st. brookings or 97415,,8000,,
,canby,oregon,,,buzzy morales construction,,1175 nw 3rd ave canby or 97013,,11000,,
,cannon beach,oregon,,placed to ride,placed to ride,,e gower ave & evergreen ave cannon beach or 97145,,6000,,
joel tanzi skatepark,cenral point,oregon,,purkiss rose,purkiss rose,40667,403 s 4th st central point or 97502,,6500,,
,clatskanie,oregon,,,,,ne 5th st & park st clatskanie or 97016,,10000,,
mingus park,coos bay,oregon,4,liquid stone designs,liquid stone designs,38493,n 8th st & commercial ave coos bay or 97420,,8000,,
eric scott mckinley skatepark,corvallis,oregon,,,buzzy morales construction,35338,junction of highway 30 99 and 20 corvallis or 97333,8am - 10pm,14000,,
,cottage grove,oregon,,,,2004,s gateway blvd & taylor ave cottage grove or 97424,,5000,,
,dallas,oregon,,,,,se walnut ave & se lacreole dr dallas or 97338,,,,
,donald,oregon,4,dreamland,dreamland,2001,main st. ne and matthieu st. donald or 97020,,2500,,
,echo,oregon,,grindline,grindline,,n front st and main st. echo or 97826,9am - 8pm,,,
emerald skatepark,eugene,oregon,2,,,,1400 lake dr eugene or 97404,,5000,,
amazon park,eugene,oregon,1,,,1991,2580 hilyard st eugene or 97405,,,,
trainsong skatepark,eugene,oregon,,arc (prefab),arc (prefab),2003,2771 edison st eugene or 97402,,4000,,
churchil skatepark,eugene,oregon,3,eric dawkins & great american skateparks,eric dawkins & great american skateparks,2000,bailey hill rd & westleigh st eugene or 97405,,8500,,
cal young park,eugene,oregon,2,,,2001,gilham rd & crescent ave eugene or 97408,,6000,,
bethel skatepark,eugene,oregon,3,airspeed skateparks,airspeed skateparks,2002,jeffrey way & haviture way eugene or 97402,,8000,,
miller park,florence,oregon,,airspeed skateparks,airspeed skateparks,september/october '04,oak st & 18th st florence or 97439,,12000,,
lincoln park,forest grove,oregon,,site design,,2004,2725 main st forest grove or 97116,9am - one hour after sunset,18000,,
bullfrog skate park,gold beach,oregon,,liquid stone designs,liquid stone designs,38737,hwy 101 and ellensburg ave gold beach or 97444,,25000,,
,grants pass,oregon,3,eric dawkins & great american skateparks,eric dawkins & great american skateparks,35723,820 se m st grants pass or 97526,7:30am - 10pm,21000,,
,gresham,oregon,3,dreamland,dreamland,,219 s main ave. gresham or 97080,lights,5710,,
,harrisburg,oregon,3,dreamland,dreamland,40884,530 smith st. harrisburg or 97446,lights,10000,,
reedville park,hillsboro,oregon,2,site design,corp inc.,40576,sw cornelius pass rd & sw frances st hillsboro or 97123,,12000,,
,hood river,oregon,5,dreamland,dreamland,,wasco ave & n 20th st. hood river or 97031,,,,
barendse park,hubbard,oregon,,rhino ramps (prefab),rhino ramps (prefab),40756,5th st & kari ln hubbard or 97032,,3000,,
don baxter skatepark,irrigon,oregon,4,grindline,grindline,2007,main ave & 6th st ne irrigon or 97844,lights,8000,,
,jacksonvile,oregon,4,grindline,grindline,,n oregon st & w c st jacksonville or 97530,,,,
smokey gibson memorial park,john day,oregon,,arc (prefab),arc (prefab),2007,ne 7th ave john day or 97845,,6000,,
carlson skatepark,keizer,oregon,3,city/labor union,union labor,,930 chemawa rd ne keizer or 97303,,21600,,
,klamath falls,oregon,5,dreamland,dreamland,,4500 foothills blvd. klamath falls or,,22000,,
pioneer park,lagrande,oregon,3,,corp inc.,,oak st & palmer ave la grande or 97850,,15000,,
,lake oswego,oregon,,,,,pilkington rd & willow ln lake oswego or 97035,,,,
,lincoln city,oregon,5,dreamland,dreamland,,ne 23rd st. lincoln city or 97367,,,,
,madras,oregon,,dreamland,dreamland,37191,sw h st. & sw lincoln st. madras or 97741,,10000,,
joe dancer park,mcminnville,oregon,,dreamland,dreamland,36967,1650 se brooks street mcminnville oregon 97128,sunrise-sunset,10000,,
bear creek saktepark,medford,oregon,3,eric dawkins & great american skateparks,eric dawkins & great american skateparks,35185,1520 siskiyou blvd medford or 97504,,24000,,
,milton freewater,oregon,,dreamland,dreamland,2004,nw 8th ave & robbins st milton-freewater umatilla oregon 97862,lights,7500,,
,molalla,oregon,2,selena de la cruz and army corp of engineers,selena de la cruz and army corp of engineers,35239,209 kennel st molalla or 97038,,7600,,
,monmouth/independence,oregon,,volunteers & community,prefab,2002,monmouth independence hwy & n hogan rd monmouth or 97361,1 hour before sunrise - 1 hour after sunset,4000,,
millsite park,myrtle creek,oregon,4,grindline,grindline,,113 ne oak st myrtle creek or 97457,,8500,,
,myrtle point,oregon,3,eric dawkins and crow clay & associates,upper valley builders,,spruce st & 1st st myrtle point or 97458,,10000,,
,nehalem,oregon,,,,,36155 9th st nehalem or 97131 usa,,2000,,
ewing young park,newburg,oregon,5,dreamland,dreamland,35246,1201 s blaine st. newberg or 97132,sunrise-sunset,29000,,
,newport,oregon,,airspeed skateparks,airspeed skateparks,,nw spring st & nw 8th st newport or 97365,,6500,,
wayne c. king memorial skatepark,ontario,oregon,,,,,790 sw 3rd ave ontario oregon 97914 usa,,,,
,oregon city,oregon,,purkiss rose,robert johnson,35277,1955 clackamette drive oregon city or 97045,,10000,,
rudy rada skatepark,pendleton,oregon,,dreamland,dreamland,38276,us 30 and or 57 pendleton or 97801,lights,11000,,
,philomath,oregon,,,,2005,2054 applegate street philomath or 97370,,6000,,
buffington park,port ordford,oregon,,dreamland,dreamland,2009,14th st and arizona st port orford or 97465,,3000,,
ed benedict skate plaza,portland,oregon,3,newline skateparks,california skateparks,,10000 southeast powell blvd. portland or 97204,,18000,,
pier park,portland,oregon,4,dreamland,dreamland,37542,n hudson st and n bruce ave portland or 97203,,11070,,
glenhaven,portland,oregon,4,dreamland,dreamland,37737,ne 82nd avenue and siskiyou street portland or 97213,,11000,,
brooklyn street spot,portland,oregon,,diy,diy,,se brooklyn st & se 16th ave portland or 97202,,,,
holly farm,portland,oregon,3,dreamland,dreamland,37829,sw capitol hwy & sw comus st portland or 97219,,2800,,
gabriel park,portland,oregon,3,airspeed skateparks,airspeed skateparks,40731,sw vermont st & sw 45th ave portland or 97219,,10000,,
,prineville,oregon,,steel ramps,steel ramps,,ne juniper st & ne knowledge st prineville or 97754,,3000,,
,rainier,oregon,,skatewave (prefab),skatewave (prefab),,w a st & w 6th st rainier or 97048,,3000,,
,redmond,oregon,,dreamland,dreamland,35568,w antler ave & sw 15th st redmond or 97756,,15000,,
,reedsport,oregon,4,airspeed skateparks,airspeed skateparks,36425,u.s. 101 & s 21st st reedsport or 97467,sunrise-sunset,13000,,
stewart park,roseburg,oregon,3,eric dawkins & great american skateparks,eric dawkins & great american skateparks,2000,duck pond st roseburg or 97471,,8000,,
marion square park,salem,oregon,2,,,,commercial st ne & marion st ne salem or 97301,,,,
,sandy,oregon,2,city of sandy,stagl construction and carlson construction,35248,hood st & se meinig ave sandy or 97055,sunrise-sunset,10000,,
,scappoose,oregon,1,buzzy morales and the army corps of engineers,buzzy morales and the army corps of engineers,1999,e columbia ave & se 2nd st scappoose or 97056,,2000,,
skate 'n' ride park,seaside,oregon,3,placed to ride,placed to ride,37778,1140 broadway st seaside or 97138,,11000,,
wayne potter memorial skatepark,sheridan,oregon,,oregon army national guard and city of sheridan public works department,oregon army national guard and city of sheridan public works department,1997,ne yamhill st & ne box st sheridan or 97378,,10000,,
,siletz,oregon,,lrm & associates,alltech,2003,484 sw swan ave siletz or 97380,,10000,,
willamalane skatepark,springfield,oregon,2,purkiss rose,,2003,1276 g st springfield or 97477,,11500,,
mccormick park,st. helens,oregon,2,tony gembeck,tony gembeck,34854,375 s 18th st st helens or 97051,,12000,,
,sweet home,oregon,1,recreation resource co. (prefab),recreation resource co. (prefab),,1920 long st sweet home or 97386,,,,
old town skatepark,talent,oregon,3,airspeed skateparks,airspeed skateparks,1998,e main st & john st talent or 97540,,12000,,
thompson park,the dalles,oregon,,spohn ranch,spohn ranch,40704,602 w 2nd st the dalles or 97058,,7500,,
jim griffith memorial skatepark,tigard,oregon,4,dreamland,dreamland,37932,13125 sw hall blvd tigard oregon 97223,sunrise-sunset,15000,,
,toledo,oregon,,airspeed skateparks,airspeed skateparks,,nw a st & nw 7th st toledo or 97391,,10000,,
,tualatin,oregon,,purkiss rose,,34678,8515 sw tualatin rd tualatin or 97062,,,,
territorial park,veneta,oregon,,,,2002,territorial rd & hunter rd veneta or 97487,,8000,,
,waldport,oregon,3,airspeed skateparks,airspeed skateparks,36326,s crestline dr & se salmon st waldport or 97394,,6500,,
robinwood,west linn,oregon,1,placed to ride,placed to ride,,3600 fairview way west linn or 97068,,,,
,west linn,oregon,5,grindline,grindline,2002,parker rd & wild rose dr west linn or 97068,,14000,,
oaken hills memorial park,willamina,oregon,1,prefab,prefab,,417 ne oaken hills dr willamina or 97396,,3000,,
,wilsonville,oregon,1,prefab,prefab,38524,8100 sw wilsonville road wilsonville oregon 97070,,6000,,
riverbend park,winston,oregon,,dreamland,dreamland,38534,31 thompson ave winston or 97496,,7000,,
richard jennings skaepark,woodburn,oregon,,purkiss rose,corp inc.,36310,400 s settlemier ave woodburn or 97071,,12000,,